name,G_kgm,h_mm,b_mm,tw_mm,tf_mm,r_mm,A_cm2,hi_mm,d_mm,AL_m2m,Iy_cm4,Wely_cm3,Wply_cm3,iy_cm,Avz_cm2,Iz_cm4,Welz_cm3,Wplz_cm3,iz_cm,ss_cm,It_cm4,Iw_cm6
HE 100 B,20.4,100.0,100.0,6.0,10.0,12,26.0,80.0,56.0,0.567,449.5,89.9,104.2,4.1,9.036,167.2,33.45,51.42,2.5,4.0,9.330,3375
HE 120 B,26.7,120.0,120.0,6.5,11.0,12,34.0,98.0,74.0,0.686,864.3,144,165.2,5.0,10.96,317.5,52.92,80.96,3.0,4.2,13.930,9409
HE 140 B,33.7,140.0,140.0,7.0,12.0,12,43.0,116.0,92.0,0.805,1509,215.6,245.4,5.9,13.07,549.6,78.52,119.7,3.5,4.5,20.15,22470
HE 160 B,42.6,160.0,160.0,8.0,13.0,15,54.3,134.0,104.0,0.918,2491,311.4,353.9,6.7,17.59,889.2,111.1,169.9,4.0,5.1,31.27,47940
HE 180 B,51.2,180.0,180.0,8.5,14.0,15,65.3,152.0,122.0,1.037,3831,425.6,481.4,7.6,20.24,1362,151.4,231,4.5,5.4,42.21,93740
HE 200 B,61.3,200.0,200.0,9.0,15.0,18,78.1,170.0,134.0,1.151,5696,569.6,642.5,8.5,24.83,2003,200.3,305.8,5.0,6.0,59.70,171100
HE 220 B,71.5,220.0,220.0,9.5,16.0,18,91.0,188.0,152.0,1.270,8090,735.5,827,9.4,27.92,2843,258.4,393.8,5.5,6.2,77.02,295400
HE 240 B,83.2,240.0,240.0,10.0,17.0,21,106.0,206.0,164.0,1.384,11250,938.2,1053,10.3,33.22,3922,326.8,498.4,6,6.8,103.8,486900
HE 260 B,93.0,260.0,260.0,10.0,17.5,24,118.4,225.0,177.0,1.499,14910,1147,1282,11.2,37.59,5134,394.9,602.2,6.5,7.3,126.6,753600
HE 280 B,103,280.0,280.0,10.5,18.0,24,131.4,244.0,196.0,1.618,19270,1376,1534,12.1,41.09,6594,471,717.5,7,7.4,146,1130000
HE 300 B,117,300.0,300.0,11.0,19.0,27,149.1,262.0,208.0,1.732,25160,1677,1868,12.9,47.42,8562,570.8,870.1,7.5,8,189.1,1687000
HE 320 B,127,320.0,300.0,11.5,20.5,27,161.3,279.0,225.0,1.771,30820,1926,2149,13.8,51.77,9238,615.9,939,7.5,8.4,230.4,2068000
HE 340 B,134,340.0,300.0,12.0,21.5,27,170.9,297.0,243.0,1.810,36650,2156,2408,14.6,56.08,9689,645.9,985.7,7.5,8.6,262.8,2453000
HE 360 B,142,360.0,300.0,12.5,22.5,27,180.6,315.0,261.0,1.849,43190,2399,2682,15.4,60.59,10140,676.0,1032,7.4,8.9,298.3,2883000
HE 400 B,155,400.0,300.0,13.5,24.0,27,197.8,352.0,298.0,1.927,57680,2884,3231,17.0,69.97,10810,721.2,1104,7.3,9.3,361.0,3817000
HE 450 B,171,450.0,300.0,14.0,26.0,27,218.0,398.0,344.0,2.026,79880,3550,3982,19.1,79.65,11720,781.4,1197,7.3,9.7,447.9,5258000
HE 500 B,187,500.0,300.0,14.5,28.0,27,238.6,444.0,390.0,2.125,107170,4287,4814,21.1,89.81,12620,841.5,1291,7.2,10.2,548.1,7017000
HE 550 B,199,550.0,300.0,15.0,29.0,27,254.1,492.0,438.0,2.224,136690,4970,5590,23.1,100.0,13070,871.7,1341,7.1,10.4,610.1,8855000
HE 600 B,212,600.0,300.0,15.5,30.0,27,270.0,540.0,486.0,2.323,171040,5701,6425,25.1,110.8,13530,902.0,1391,7.0,10.7,677.1,10960000
HE 650 B,225,650.0,300.0,16.0,31.0,27,286.3,588.0,534.0,2.422,210610,6480,7319,27.1,122.0,13980,932.2,1441,6.9,10.9,749.2,13360000
HE 700 B,241,700.0,300.0,17.0,32.0,27,306.4,636.0,582.0,2.520,256880,7339,8327,28.9,137.0,14440,962.7,1495,6.8,11.2,838.8,16060000
HE 800 B,262,800.0,300.0,17.5,33.0,30,334.2,734.0,674.0,2.713,359080,8977,10220,32.7,161.7,14900,993.5,1553,6.6,11.8,958.7,21840000
HE 900 B,291,900.0,300.0,18.5,35.0,30,371.3,830.0,770.0,2.911,494060,10970,12580,36.4,188.7,15810,1054,1658,6.5,12.3,1150,29460000
HE 1000 B,314,1000.0,300.0,19.0,36.0,30,400.0,928.0,868.0,3.110,644740,12890,14850,40.1,212.4,16270,1085,1716,6.3,12.6,1267,37630000
